nome,data_nasc,cpf,mae,celular,email,telefone_fixo
Rafael André Giovanni Jesus,01-11-1957,31530695732,Isabelly Allana Daniela ,987274821.0,rafaelandregiovannijesus-77@rafaeladson.com,39353911.0
Mateus Danilo Lorenzo Viana,23-12-1964,58574457442,Alana Benedita Ana ,982077539.0,mateusdanilolorenzoviana_@oxiteno.com,28135724.0
Mariah S Kamilly Nogueir,04-09-1982,89916916330,Catarina Jennifer ,993355273.0,mariahsabrinakamillynogueira..mariahsabrinakamillynogueira@deskprint.com.br,29866688.0
Ester Maya Rezende,16-02-1972,32767223308,Luna Marcela Márcia ,988312648.0,estermayarezende__estermayarezende@fortlar.com.br,37616397.0
Giovanni Ian Drumond,08-02-1959,75484625491,Evelyn Bruna Mirella ,986772100.0,giovanniiandrumond_@fernandaleal.com.br,39710848.0
Simone Agatha Cláudia Cavalcan,12-02-1959,6727062293,Giovanna Josefa ,987833768.0,simoneagathaclaudiacavalcanti__simoneagathaclaudiacavalcanti@vlcorporate.com,35301171.0
Bento Arthur Pereira,05-05-1989,10584095309,Lara Jennifer ,985496704.0,bentoarthurpereira__bentoarthurpereira@maxilajes.com.br,28566028.0
Danilo João Mateus Ribeiro,11-09-1984,69347803103,Jéssica Sophia ,983425138.0,danilojoaomateusribeiro..danilojoaomateusribeiro@hotmail.com,27495757.0
Lucas Jorge Nelson Brito,12-02-2000,11038673003,Laís Helena Isabela ,987037961.0,lucasjorgenelsonbrito_@mucoucah.com.br,39913384.0
Daiane Bruna Martins,13-03-1975,40147483913,Vitória Brenda Helena ,986360458.0,daianebrunamartins__daianebrunamartins@segplanet.com.br,37465939.0
Fábio Kevin Pires,04-05-1951,32026592942,Amanda Ayla Pietra ,991478569.0,fabiokevinpires..fabiokevinpires@salvadorlogistica.com.br,26297294.0
Isaac Henry Vinicius Cavalcant,23-08-1983,31466304197,Mariana Alana Heloisa ,995954296.0,isaachenryviniciuscavalcanti__isaachenryviniciuscavalcanti@keffin.com.br,35294512.0
Sandra Mariane Carolina Brito,21-11-2001,55095391007,Beatriz Giovana ,986796293.0,ssandramarianecarolinabrito@infilink.com.br,25016649.0
Bryan Joaquim Roberto Rosa,07-09-1957,61606247174,Fabiana Emily ,984851623.0,bryanjoaquimrobertodarosa-96@balaiofilmes.com.br,35480675.0
Sueli Clara Hadassa Cruz,08-04-1991,64692449713,Aline Marina Francisca ,989657164.0,sueliclarahadassadacruz-87@cntbrasil.com.br,35443789.0
Arthur Felipe Mota,26-09-1998,53529039748,Patrícia Fabiana Daiane ,986919066.0,arthurfelipedamota-80@editorazap.com.br,28860019.0
Leandro Miguel Silveira,16-06-1978,41044650036,Bruna Vera Gabrielly ,994308453.0,leandromiguelsilveira_@agacapital.com.br,28000242.0
Larissa Carolina Bárbara Luz,10-12-1992,59717963649,Luciana Manuela ,996117777.0,larissacarolinabarbaradaluz..larissacarolinabarbaradaluz@uninet.com.br,35131850.0
Liz Simone Figueiredo,19-01-1949,28648830826,Patrícia Isadora ,998756035.0,lizsimonefigueiredo..lizsimonefigueiredo@w3ag.com,25469488.0
Giovanni Ruan Mota,09-12-1967,61861154887,Tânia Tereza ,986572734.0,giovanniruandamota-73@quarttus.com.br,26405737.0
Diego Márcio Severino Fernande,14-05-1984,33968990919,Patrícia Alana ,996203620.0,diegomarcioseverinofernandes-76@maptec.com.br,29756239.0
Teresinha Bárbara Baptista,12-12-1968,95309716645,Jéssica Adriana Sebastiana ,994449606.0,teresinhabarbarabaptista__teresinhabarbarabaptista@rgsa.com.br,38918659.0
Bryan Emanuel André Aragão,10-01-1958,11830881671,Eduarda Fátima Isis ,997034701.0,bryanemanuelandrearagao_@microlasersp.com.br,35745360.0
Agatha Marli Almeida,14-08-1986,58198259937,Débora Brenda Ayla ,992134403.0,aagathamarlialmeida@bcconsult.com.br,27873359.0
Luiza Francisca Marlene Brito,12-04-1989,87852129463,Julia Débora Sandra ,987119986.0,luizafranciscamarlenebrito..luizafranciscamarlenebrito@toysbrasil.com.br,28970375.0
Kaue César Lima,18-08-1989,31515413217,Bruna Beatriz Manuela ,987451648.0,kauecesarlima-84@bds.com.br,35853679.0
Raimunda Bruna Carvalho,11-12-1944,90890908001,Regina Jéssica Priscila ,994642673.0,rraimundabrunacarvalho@cancaonova.com,28228562.0
Raimunda Luiza Nunes,06-08-1976,75892539792,Rosângela Isadora Raimunda ,999021549.0,raimundaluizanunes-80@reconciliare.com.br,38839082.0
Sarah Heloisa Moura,09-01-1974,63268813585,Carolina Alessandra ,995231105.0,sarahheloisamoura-97@gmaill.com,28207213.0
Benedita Alice Novaes,09-04-1962,2413385657,Mariana Lorena Olivia ,995667071.0,bbeneditaalicenovaes@live.co.uk,26594458.0
Ryan João Calebe Viana,20-06-1950,12961765846,Isabel Manuela Emanuelly ,994601584.0,ryanjoaocalebeviana__ryanjoaocalebeviana@salvadorlogistica.com.br,28444256.0
Osvaldo Ricardo Melo,07-12-1939,88909376961,Jennifer Sueli ,994623629.0,osvaldoricardomelo__osvaldoricardomelo@cntbrasil.com.br,25763432.0
Sérgio Osvaldo Dias,06-08-1968,87337448236,Caroline Nicole Eloá ,995600903.0,sergioosvaldodias_@transmazza.com.br,37014472.0
Cauã Paulo Luan Martins,11-07-1951,99095411575,Flávia Marcela ,996534723.0,cauapauloluanmartins__cauapauloluanmartins@camilapassos.com.br,38447685.0
Guilherme Danilo Martins,01-12-1987,86183718904,Sarah Josefa Brenda ,996117626.0,guilhermedanilomartins_@bool.com.br,27904734.0
Lúcia Emanuelly Silva,04-09-1966,37212141372,Sandra Fernanda Agatha ,994604842.0,luciaemanuellydasilva__luciaemanuellydasilva@weatherford.com,27915082.0
Nicolas Anderson Daniel Luz,11-06-1979,41933221658,Emilly Manuela Ana ,996690600.0,nnicolasandersondanieldaluz@sdrifs.com.br,27213209.0
Diogo Benício Figueiredo,06-01-1961,79751880424,Betina Jéssica Carolina ,985151353.0,diogobeniciofigueiredo..diogobeniciofigueiredo@alcastro.com.br,27940421.0
Josefa Isis Emily Mota,13-10-1944,53668300011,Yasmin Heloise ,982500178.0,josefaisisemilydamota_@facebook.com,39488318.0
Sônia Tania Barros,26-03-1999,49808924000,Sandra Joana ,992191929.0,soniataniabarros-73@iaru.com.br,36841024.0
Gabrielly Valentina Raimunda C,10-02-1961,97022136149,Fátima Isabela Luiza ,988930427.0,gabriellyvalentinaraimundacosta..gabriellyvalentinaraimundacosta@maissaude.adm.br,28450612.0
Betina Mariana Clara Silva,24-02-1979,50642561753,Marlene Esther Sueli ,984577464.0,betinamarianaclaradasilva..betinamarianaclaradasilva@effem.com,27576715.0
Edson Henry Joaquim Luz,10-02-1952,48981198403,Maya Allana Liz ,986943817.0,edsonhenryjoaquimdaluz_@vetech.vet.br,27018236.0
Pedro Marcos Tiago Galvão,08-08-1987,76732145126,Aurora Silvana Gabrielly ,998785652.0,pedromarcostiagogalvao-78@netjacarei.com.br,38500175.0
Vera Fátima Stefany Almeida,08-08-1942,43748129890,Clarice Marina Yasmin ,988717699.0,verafatimastefanyalmeida_@hotmai.com.br,25586890.0
Manoel Pietro Matheus Paz,11-07-1971,48717541115,Kamilly Natália ,995209065.0,mmanoelpietromatheusdapaz@solarisbrasil.com.br,36524786.0
Andreia S Malu Peixot,17-09-1953,65192771420,Clarice Analu Gabriela ,983210167.0,andreiasebastianamalupeixoto..andreiasebastianamalupeixoto@atualmarcenaria.com.br,28717109.0
Antonio V Noah Corte Real,24-03-1958,17851509955,Pietra Stella ,984470698.0,antoniovictornoahcortereal__antoniovictornoahcortereal@securitycontrol.com.br,38581278.0
Bernardo R Roberto Silveira,03-02-1968,86140140153,Tereza Carla ,984338192.0,bernardoruanrobertosilveira..bernardoruanrobertosilveira@urbam.com.br,38443314.0
Kamilly Alice Paz,03-08-1976,20270480145,Teresinha Carolina Sueli ,994618064.0,kamillyalicedapaz-81@zepto.com.br,26830269.0
Melissa Betina Evelyn da Costa,20-01-1978,80734882998,Antônia Alessandra ,982369650.0,melissabetinaevelyndacosta__melissabetinaevelyndacosta@betti.com.br,39626677.0
Flávia B Carla Castro,20-05-1971,48665959904,Maria Sandra ,982486168.0,flaviabeneditacarlacastro__flaviabeneditacarlacastro@comunikapublicidade.com.br,28426046.0
João Otávio Sérgio Nogueira,06-11-1976,3482483930,Elaine Olivia Josefa ,985429445.0,joaootaviosergionogueira_@mls.com.br,36094289.0
Benedita Regina Cavalcanti,19-03-1979,29409544700,Hadassa Isabelly Sophia ,987860867.0,beneditareginacavalcanti-98@br.nestle.com,39538271.0
Ricardo Tomás Bryan Assis,16-09-1975,25652096144,Isabella Marcela Sophia ,996510174.0,ricardotomasbryanassis__ricardotomasbryanassis@previeweventos.com.br,37145422.0
Aparecida Mariah Cunha,06-05-1961,3044018978,Sophia Clarice Emilly ,995951301.0,aparecidamariahdacunha..aparecidamariahdacunha@anfip.org.br,38772766.0
Yuri Daniel Luís das Neves,21-04-1973,13764673052,Sophia Heloise Sandra ,982535002.0,yuridanielluisdasneves..yuridanielluisdasneves@telecall.com,27993744.0
Helena Kamilly das Neves,04-05-1956,84436011836,Raimunda Marina Nicole ,998935064.0,hhelenakamillydasneves@mosman.com.br,37493109.0
Alícia Márcia Emilly Ferreira,20-09-1969,87260256125,Julia Eloá Rita ,998853640.0,aliciamarciaemillyferreira..aliciamarciaemillyferreira@tkk.com.br,25058416.0
Osvaldo Henry Assis,03-12-1956,56818173187,Isabelle Elisa ,999586560.0,osvaldohenryassis__osvaldohenryassis@contjulioroberto.com.br,29843991.0
Milena Andreia Nunes,01-07-1976,52607105250,Isabelle Sarah Giovana ,995349465.0,milenaandreianunes__milenaandreianunes@leandroreis.com,38099030.0
Caroline Mariah Mata,20-08-1953,59922384256,Priscila Helena ,995372414.0,carolinemariahdamata..carolinemariahdamata@webin.com.br,26655948.0
Lavínia Helena Sueli Cardoso,05-12-1942,69359195685,Olivia Lorena Marina ,981810899.0,laviniahelenasuelicardoso..laviniahelenasuelicardoso@mtc.eng.br,36060295.0
Bernardo Ryan Aragão,25-10-1961,27260460105,Gabriela Sophia Melissa ,991854840.0,bernardoryanaragao-85@fibria.com.br,25610046.0
Daiane Mariane Oliveira,24-03-1995,41718096810,Simone Lívia ,996146327.0,daianemarianeoliveira_@hotmailo.com,39809848.0
Isis Laura Brito,11-11-1992,40519239598,Alana Liz Mariane ,995766214.0,iisislaurabrito@gabrielresende.com,39455144.0
Thomas Otávio Lucca da Conceição,02-01-1968,40253415578,Renata Daniela Márcia ,993618694.0,tthomasotavioluccadaconceicao@galvao.com,36299141.0
Camila Giovana Natália Rodrigu,14-03-1984,61356010245,Alessandra Sueli Laura ,992297833.0,camilagiovananataliarodrigues-73@technocut.com.br,35373157.0
Joana E Maite Cruz,07-02-1998,7999099805,Raquel Larissa Eloá ,994264372.0,joanaelzamaitedacruz_@manjubinhafilmes.com.br,39125733.0
Leonardo Enrico Araújo,08-05-1944,71009654705,Teresinha Tereza ,981101383.0,leonardoenricoaraujo__leonardoenricoaraujo@negocios-de-valor.com,36129618.0
Letícia Márcia Vieira,03-01-1968,14489374348,Carolina Sophie ,999434571.0,leticiamarciavieira_@maissaude.adm.br,25071526.0
Nicolas Vitor Moreira,01-03-2000,58891264660,Bruna Marli ,996200067.0,nicolasvitormoreira-71@unitau.br,37227129.0
Francisca Fabiana Carolina Mar,12-01-1946,98498119278,Fabiana Elza Milena ,984150348.0,franciscafabianacarolinamartins_@comercialrizzo.com,36197455.0
Manoel Samuel Cardoso,25-06-1986,18562313726,Stella Adriana Sophie ,987250388.0,manoelsamuelcardoso-91@taclog.com.br,27063742.0
Arthur Cauã Tiago Fogaca,10-08-1956,86731501913,Giovana Beatriz ,998015916.0,aarthurcauatiagofogaca@ssala.com.br,28981014.0
Cláudia Tania Lima,17-01-1976,66516825122,Stefany Isabelly Marli ,986280496.0,claudiatanialima-95@valeparaibano.com.br,28873142.0
Raquel Agatha Caldeira,01-10-1951,51091360332,Alana Eduarda ,983480770.0,rraquelagathacaldeira@diebold.com,37705387.0
Pedro Henrique Gabriel Caldeir,12-01-1979,61784501921,Mariane Luzia Márcia ,984787276.0,pedrohenriquegabrielcaldeira..pedrohenriquegabrielcaldeira@systrix.com.br,36111189.0
Edson Elias Cavalcanti,25-09-1956,68145675391,Luciana Beatriz ,984188835.0,edsoneliascavalcanti-73@trt15.jus.br,28526539.0
Eliane Kamilly Paz,05-04-1999,66332083913,Isabel Amanda ,985245653.0,eelianekamillydapaz@wwlimpador.com.br,37521189.0
Fernanda Mariana Joana Lopes,19-04-1957,21735369403,Daniela Adriana Emilly ,997854828.0,fernandamarianajoanalopes__fernandamarianajoanalopes@gmx.com.br,26122116.0
Sandra Vitória Lavínia Barros,10-07-1958,81722284650,Stefany Sophia Mariana ,989506284.0,sandravitorialaviniabarros..sandravitorialaviniabarros@danielstrauch.com,28033748.0
Edson Isaac Renato Pereira,10-05-1973,12451099011,Camila Rosa ,983612609.0,edsonisaacrenatopereira..edsonisaacrenatopereira@grupoaerius.com.br,38491615.0
Betina Elaine Drumond,17-08-1995,61885809352,Tânia Jéssica Rosângela ,998339691.0,betinaelainedrumond__betinaelainedrumond@live.com.br,36587648.0
Antonio Guilherme Anderson San,14-03-1994,64279706158,Joana Tatiane ,992303057.0,antonioguilhermeandersonsantos__antonioguilhermeandersonsantos@ftcomercial.com.br,29773635.0
Vitor Thiago Souza,27-03-1971,12271483301,Fátima Renata Kamilly ,984079529.0,vitorthiagosouza_@rcstechnology.com.br,35161482.0
Melissa Luzia Rezende,07-01-1977,52667797302,Cecília Stella Rosângela ,998852242.0,melissaluziarezende_@liv.com,29065925.0
Heitor Pietro Felipe Viana,22-01-1996,16446969325,Sueli Heloise ,981751363.0,heitorpietrofelipeviana__heitorpietrofelipeviana@emayl.com,26213870.0
Bruno Noah Oliver Paula,10-06-1955,3552485732,Gabrielly Nair ,993399920.0,brunonoaholiverdepaula__brunonoaholiverdepaula@comercialmendes.net,36040543.0
Juan Eduardo Goncalves,05-04-1978,7180740764,Olivia Caroline Maya ,994727963.0,jjuaneduardogoncalves@mindesign.com.br,39038146.0
Theo Nelson Sérgio Bernardes,06-04-1948,58085578107,Francisca Catarina Evelyn ,988926630.0,theonelsonsergiobernardes..theonelsonsergiobernardes@tursi.com.br,26458382.0
Gabriel César Marcelo Moura,22-06-1989,55449142498,Tatiane Brenda ,989450474.0,gabrielcesarmarcelomoura..gabrielcesarmarcelomoura@cpfl.com.br,27393022.0
Ester Vera Sueli Corte Real,12-08-1993,49880824580,Mariane Larissa Beatriz ,988829868.0,esterverasuelicortereal_@fingrs.com.br,28860169.0
Benedito Isaac Alves,05-06-1987,91866402919,Fátima Marli ,995099681.0,beneditoisaacalves..beneditoisaacalves@rodomen.com.br,35388438.0
Sabrina Aparecida Mirella Ribe,17-05-1993,6712757630,Cláudia Sophia ,991806203.0,sabrinaaparecidamirellaribeiro__sabrinaaparecidamirellaribeiro@wwlimpador.com.br,38299799.0
Manuel Rodrigo Moraes,13-03-1939,52484498802,Marli Eliane Fernanda ,994346084.0,manuelrodrigomoraes-94@origamieventos.com.br,36254993.0
Ryan R Luan Ribeiro,05-02-1970,98931846304,Adriana Letícia Silvana ,982836690.0,rryanruanluanribeiro@caiuas.com.br,28410276.0
Mariah Lavínia Luana Figueired,18-05-1942,87601063526,Teresinha Alessandra ,999459387.0,mmariahlavinialuanafigueiredo@imagemeaudio.com.br,25540151.0
Joaquim Anthony Barros,08-10-1944,60769742572,Julia Fabiana Rayssa ,997572543.0,joaquimanthonybarros_@ativacofres.com.br,26115585.0
Isabel Brenda Silveira,14-11-1954,5427856331,Nina Heloisa Isabelle ,989313019.0,isabelbrendasilveira-72@live.jp,25371845.0
Marina Mariana Esther Barros,18-05-1964,70180486489,Isabela Lorena ,985831405.0,mmarinamarianaestherbarros@cerimoniallis.com.br,39477210.0
Gabriela Alícia Tatiane Bernar,22-09-1976,76155182027,Adriana Liz Rita ,994494650.0,gabrielaaliciatatianebernardes-95@cruiser.com.br,27096644.0
Paulo Miguel Galvão,15-01-1981,15898736530,Bruna Antônia Luna ,992924288.0,paulomiguelgalvao__paulomiguelgalvao@arablock.com.br,37821063.0
Enzo Leandro Rafael Nogueira,10-10-1939,7488918541,Clara Sophie ,984943584.0,enzoleandrorafaelnogueira_@charquesorocaba.com.br,28873177.0
Mariah Eliane Santos,06-04-1980,90217632815,Ayla Lavínia ,991674692.0,mariahelianesantos__mariahelianesantos@apso.org.br,25626051.0
Gabriel Giovanni Edson Fogaca,18-06-1996,92316398200,Luzia Carla ,985134581.0,gabrielgiovanniedsonfogaca-81@araraquara.com.br,25866008.0
Rodrigo Marcos Thomas Martins,10-10-1987,93843883351,Eduarda Francisca Juliana ,992833372.0,rrodrigomarcosthomasmartins@acritica.com.br,25105522.0
Ricardo Kevin Nelson Rodrigues,15-02-1951,35583449446,Mariah Daniela ,985742233.0,ricardokevinnelsonrodrigues..ricardokevinnelsonrodrigues@novaes.me,26458591.0
Pedro Rodrigo Felipe Bernardes,21-12-1988,79827894803,Sônia Vitória Lúcia ,993114910.0,pedrorodrigofelipebernardes..pedrorodrigofelipebernardes@zk.arq.br,36708784.0
Allana Louise da Conceição,07-12-1979,68181645367,Sophia Eliane ,989938295.0,allanalouisedaconceicao-84@danielsalla.com.br,35535950.0
Felipe Geraldo Benedito Ramos,10-12-1945,50872835782,Valentina Raimunda Eliane ,981191074.0,felipegeraldobeneditoramos-83@agltda.com.br,35355227.0
Manuela Jennifer Rezende,06-09-1941,16635610790,Beatriz Alana Tatiane ,985294664.0,manuelajenniferrezende..manuelajenniferrezende@systrix.com.br,35791004.0
Luís Gabriel Lopes,24-06-1976,80842176233,Bruna Raquel ,992103959.0,luisgabriellopes-84@selaz.com.br,29287829.0
Matheus Albuquerque Silva,19-01-2015,58762423819,Mariana Santos Albuquerque,11998970549,antonio.silva@gmail.com,1135494656
Yago José Nascimento,21-04-1997,83557817164,Liz Letícia ,989180315.0,yagojosenascimento..yagojosenascimento@contabilidaderangel.com.br,28435979.0
Anthony Raimundo Corte Real,18-06-1944,19003075298,Carla Luzia Luana ,986725932.0,anthonyraimundocortereal_@catsfeelings.com.br,29631907.0
Bruna Luzia Flávia das Neves,18-10-1950,73859183362,Luciana Débora Evelyn ,983110838.0,bbrunaluziaflaviadasneves@vivo.com.br,25542840.0
Sabrina Natália Lorena Vieira,10-07-1965,91034860879,Rosângela Eloá Josefa ,982401007.0,sabrinanatalialorenavieira-98@profemme.com.br,36794789.0
Nicole Vitória Sophie Goncalve,27-09-1980,61691474827,Elza Isabelly ,988991886.0,nicolevitoriasophiegoncalves..nicolevitoriasophiegoncalves@qmagico.com.br,27360887.0
Felipe Diego Rezende,18-10-1967,37425133628,Lorena Rita Evelyn ,984629996.0,felipediegorezende_@aedu.com,25177310.0
Emilly Nicole Cardoso,10-03-1962,34053186293,Kamilly Benedita ,991466515.0,emillynicolecardoso..emillynicolecardoso@supergasbras.com.br,25674815.0
Vicente Marcos Edson Castro,15-01-1959,72192158432,Cecília Laura Larissa ,994560743.0,vicentemarcosedsoncastro-74@lavorosjc.com.br,28581372.0
Jaqueline Vera Maya Moraes,27-01-1969,64276815754,Giovanna Adriana ,989893060.0,jaquelineveramayamoraes..jaquelineveramayamoraes@julianacaran.com.br,26296842.0
Nicolas Kevin Silva,11-01-1978,42465805975,Fabiana Evelyn ,987731843.0,nnicolaskevinsilva@netwis.com.br,37574899.0
Bryan Raimundo Rocha,22-11-1947,67055709890,Alana Esther ,996305554.0,bryanraimundorocha_@agencia10clic.com.br,28411230.0
Caleb Yuri Mário Moura,27-08-1959,25134669503,Pietra Elza Emilly ,985461224.0,ccalebyurimariomoura@stetnet.com.br,39616146.0
Betina Isabella Paz,27-04-1965,29447389848,Simone Laís Francisca ,998044186.0,betinaisabelladapaz..betinaisabelladapaz@jpmanager.com.br,25205833.0
Igor Bernardo Pires,25-09-1969,6962838913,Sônia Caroline Giovanna ,985140206.0,igorbernardopires..igorbernardopires@gm.com,26819676.0
Hadassa Alice da Paz,21-02-1996,19115506169,Carolina Marlene Isabelle ,995416758.0,hadassaalicedapaz__hadassaalicedapaz@santosdumonthospital.com,27904185.0
Diogo Augusto Pires,01-06-1984,16379437924,Fernanda Clara ,993555970.0,diogoaugustopires..diogoaugustopires@deze7.com.br,26273223.0
Emily Pietra Novaes,11-05-1948,24768882900,Bruna Silvana ,991951238.0,emilypietranovaes-79@lidertel.com.br,29222699.0
Enrico Jorge Pires,18-04-1999,35952499686,Rita Marina ,982141349.0,enricojorgepires..enricojorgepires@mantegassi.com,29119422.0
Bento Levi Cardoso,15-08-1963,79365208807,Daniela Marcela ,982958041.0,bentolevicardoso__bentolevicardoso@buzatto.pro,27774168.0
Calebe Gustavo Davi Cruz,23-05-1946,89510873870,Luana Heloise Malu ,981849430.0,ccalebegustavodavidacruz@dr.com,26350898.0
Sophia Alícia Eduarda Vieira,17-11-1962,71005561982,Tereza Aline Lorena ,984609387.0,sophiaaliciaeduardavieira..sophiaaliciaeduardavieira@temavonfeccaosjc.com.br,26193321.0
Alexandre Gustavo Leonardo Nog,27-04-1952,46311545942,Elza Marcela ,994627464.0,aalexandregustavoleonardonogueira@damha.com.br,27524667.0
Laís Rita Campos,16-03-1980,32260507530,Maria Natália ,988280517.0,laisritacampos-86@brasfrutmanaus.com.br,28662934.0
Iago Marcos Vinicius Freitas,19-11-1942,90141935995,Betina Cláudia ,995924976.0,iiagomarcosviniciusfreitas@novaequipem.com.br,36673797.0
Mirella Isadora Goncalves,22-11-1961,47223495766,Jennifer Manuela ,995481574.0,mmirellaisadoragoncalves@graffiti.net,27061233.0
Malu Marcela Campos,09-01-1945,36347992264,Kamilly Cecília Rosa ,992460829.0,malumarcelacampos_@ericsson.com,28253779.0
Rafael Osvaldo Jesus,06-06-1958,25117111338,Eloá Luiza Marcela ,995191231.0,rafaelosvaldojesus__rafaelosvaldojesus@proshock.com.br,38717248.0
Luan Ricardo Rodrigo Luz,05-06-1996,73497846945,Olivia Lara Beatriz ,981261162.0,lluanricardorodrigodaluz@tedde.com.br,25429070.0
Pedro Henrique Iago Samuel Paz,19-08-1960,26640860490,Sophie Luciana ,985941931.0,pedrohenriqueiagosamueldapaz_@viacabonet.com.br,35602000.0
Liz Sophia Mariah Peixoto,22-01-1940,7547988288,Sueli Cecília ,983199707.0,lizsophiamariahpeixoto-89@yande.com.br,36537154.0
Elaine Teresinha Sophia Goncal,02-09-1959,40627948960,Raquel Amanda ,983589135.0,elaineteresinhasophiagoncalves_@cteep.com.br,37221530.0
Mariah Eloá Cavalcanti,06-10-1965,2833997590,Emily Francisca ,988054145.0,mariaheloacavalcanti__mariaheloacavalcanti@bassanpeixoto.adv.br,28897511.0
Cristiane Isabelly Rocha,20-06-1965,50379997401,Malu Cristiane ,994859210.0,cristianeisabellyrocha__cristianeisabellyrocha@prokopetz.com.br,29986119.0
Diego Juan Oliveira,25-02-1960,20792792386,Eliane Valentina ,982258478.0,diegojuanoliveira__diegojuanoliveira@cassianoricardo.com.br,35082767.0
Carlos E Caio Peixoto,13-05-1948,79204798270,Camila Esther ,991733602.0,ccarloseduardocaiopeixoto@omnibrasil.com.br,39718315.0
Renato Daniel Santos,18-10-1966,23382179776,Valentina Cláudia ,986686184.0,renatodanieldossantos-99@signainfo.com.br,25507356.0
Olivia A Cláudia Teixeira,18-03-1943,23168686905,Lorena Catarina ,987885821.0,ooliviaamandaclaudiateixeira@tjrj.jus.br,28096165.0
Marli Sara Paula,21-02-1973,78458179458,Letícia Patrícia ,985709282.0,marlisaradepaula..marlisaradepaula@agenziamarketing.com.br,29396932.0
Vanessa Fabiana Teixeira,08-05-1986,38504217400,Bruna Bianca ,984876185.0,vanessafabianateixeira__vanessafabianateixeira@sitran.com.br,27266075.0
Thomas Gustavo Pires,24-05-2001,6903198946,Joana Manuela Josefa ,982633200.0,thomasgustavopires-81@ept.com.br,27879324.0
Otávio Felipe Henry Almeida,10-01-1951,58271711156,Emanuelly Bianca ,992299741.0,otaviofelipehenryalmeida_@vick1.com.br,27450914.0
Aline Emanuelly Sarah Alves,12-07-1973,55867458016,Elisa Louise Mariah ,986010925.0,alineemanuellysarahalves_@gmai.com,36544900.0
Analu Sueli Oliveira,11-06-2001,70497361124,Silvana Isabel Nair ,989091071.0,analusuelioliveira_@formigueiromaquinas.com.br,25257196.0
Pietro N André Cavalcant,13-03-1981,7777686585,Sara Milena Teresinha ,999042950.0,ppietronicolasandrecavalcanti@mantegassi.com,28753161.0
Lorena Marina Silveira,27-07-1947,84490754590,Aline Melissa Eliane ,983121521.0,lorenamarinasilveira__lorenamarinasilveira@cntbrasil.com.br,27746086.0
Alícia Bárbara Cavalcanti,16-05-1992,31276561148,Emily Flávia Eliane ,998929042.0,aliciabarbaracavalcanti_@stetnet.com.br,26779228.0
Clara Isabelly Marli Fogaca,17-03-1949,5306193501,Betina Bárbara ,991838515.0,claraisabellymarlifogaca-82@ig.com.br,25431192.0
Ruan Theo Duarte,27-05-1943,91534140980,Amanda Cecília Clara ,993753990.0,ruantheoduarte-99@slb.com,37011747.0
Iago Roberto Santos,16-01-1983,17888939562,Andreia Valentina ,983535540.0,iagorobertodossantos__iagorobertodossantos@superigi.com.br,39174260.0
Lorenzo José Lopes,16-04-1993,25046567938,Louise Natália ,991842077.0,lorenzojoselopes__lorenzojoselopes@igoralcantara.com.br,26967896.0
Manoel Lorenzo Manuel Rodrigue,25-07-1966,27496580392,Lívia Rosa Luana ,985251140.0,mmanoellorenzomanuelrodrigues@plaman.com.br,36956577.0
Malu Emily Isabelly Lima,14-07-1943,73246164029,Luna Liz ,985352126.0,maluemilyisabellylima-93@samsaraimoveis.com.br,39273269.0
Gabriel Fernando Vieira,04-03-1963,42502646960,Sueli Aurora Patrícia ,993518849.0,ggabrielfernandovieira@emayl.com,36381294.0
Laura Sueli Mirella Monteiro,19-04-1987,72137333031,Mariah Fabiana Elza ,981946923.0,laurasuelimirellamonteiro-76@eccotrans.com.br,25579143.0
Vitória Malu Priscila Carvalho,12-06-1955,13675421899,Liz Stefany Heloisa ,994371914.0,vitoriamalupriscilacarvalho__vitoriamalupriscilacarvalho@edpbr.com.br,38489410.0
Letícia Sophie Nunes,08-05-1990,33768948846,Eloá Milena ,984305377.0,leticiasophienunes__leticiasophienunes@keffin.com.br,28354774.0
Lucca Carlos Ferreira,25-04-1993,3360816420,Juliana Vanessa Jennifer ,986119612.0,luccacarlosferreira..luccacarlosferreira@realbit.com.br,25922348.0
Anderson Caleb Carlos Eduardo,16-04-1988,77557528522,Bárbara Maria Marcela ,991288415.0,andersoncalebcarloseduardodepaula-81@harmoniacontabil.com.br,38047638.0
Márcia Isabela Aline Cruz,05-11-1981,93562030169,Alícia Aurora Isabel ,985348076.0,marciaisabelaalinedacruz__marciaisabelaalinedacruz@directnet.com,27399688.0
Joaquim Francisco Dias,04-02-1971,40933210191,Elisa Ana Giovanna ,998283709.0,joaquimfranciscodias__joaquimfranciscodias@aliancacadeiras.com.br,25153669.0
Manuela Giovana Almeida,19-06-1971,71704624860,Tatiane Isabelle Heloisa ,999844162.0,manuelagiovanaalmeida__manuelagiovanaalmeida@original-veiculos.com.br,39189291.0
Lucca Severino Martin Rezende,10-04-1971,32526936586,Aline Emily Letícia ,989264251.0,luccaseverinomartinrezende__luccaseverinomartinrezende@heinrich.com.br,39754427.0
Kevin Victor Carlos Eduardo Ro,07-07-1967,46083209129,Rosa Ayla Hadassa ,987798235.0,kevinvictorcarloseduardorodrigues..kevinvictorcarloseduardorodrigues@vpsa.com.br,25814018.0
Heloisa Emanuelly Alves,04-08-2000,37977265540,Emily Betina Milena ,989989039.0,hheloisaemanuellyalves@jonasmartinez.com,29216419.0
Raquel Ayla Assuncão,12-05-1974,85077602603,Jéssica Daiane ,987382878.0,raquelaylaassuncao..raquelaylaassuncao@inepar.com.br,27426632.0
Lorena Alice Pires,05-05-1957,32013102046,Sarah Daniela ,991557626.0,lorenaalicepires_@santander.com.br,39244431.0
Henrique Marcos Peixoto,24-05-1942,54452605184,Adriana Louise ,993455671.0,henriquemarcospeixoto-84@bucaneiro.com.br,25692073.0
Raul Thiago Edson Almada,13-03-1957,33513260415,Emily Luna ,984641215.0,rraulthiagoedsonalmada@yool.com.br,28035021.0
Benedito Marcos Vinicius Tomás,20-03-1949,11362393320,Nair Rita ,991966342.0,beneditomarcosviniciustomascaldeira-82@edpbr.com.br,35977657.0
Isadora Luzia Brito,04-04-2001,81992637920,Cecília Isis Sabrina ,998448603.0,isadoraluziabrito__isadoraluziabrito@dbacomp.com.br,26117419.0
Yuri Alexandre Leonardo Lopes,03-08-1963,95808869200,Elisa Jaqueline Heloise ,994650387.0,yurialexandreleonardolopes-87@iaru.com,29796825.0
Rodrigo Osvaldo Fernandes,05-05-1975,78328739577,Daniela Julia Clara ,991105304.0,rodrigoosvaldofernandes..rodrigoosvaldofernandes@rocketmail.com,37608312.0
Murilo José Emanuel Santos,01-11-1972,94043420170,Letícia Rafaela Natália ,986601405.0,mmurilojoseemanueldossantos@yazigi.com,39551110.0
Silvana Fátima Moura,02-11-1992,32983990435,Cristiane Maya Benedita ,994135241.0,silvanafatimamoura__silvanafatimamoura@hitmail.com,37177645.0
Lúcia Stella Farias,17-08-1991,23704564427,Daniela Aurora ,983204224.0,lluciastellafarias@nogueiramoura.com.br,37790050.0
Adriana Vitória Tania Nogueira,03-08-1972,40752303171,Isabelly Laura ,995149134.0,aadrianavitoriatanianogueira@andressamelo.com.br,28779100.0
Ryan Theo Pinto,20-10-1996,7328628090,Sarah Sandra ,985916250.0,ryantheopinto..ryantheopinto@naressi.com.br,27358033.0
Carlos Eduardo Breno Emanuel D,27-09-2001,76966906980,Allana Stella Cristiane ,983128174.0,carloseduardobrenoemanueldrumond-99@laramjeirabaumann.com.br,26874597.0
Isabelly Silvana Cristiane Ara,17-04-1993,35200321980,Alessandra Malu ,997348969.0,iisabellysilvanacristianearaujo@belbrindes.com,28430860.0
Tatiane Bianca Nunes,09-03-1959,90494045450,Liz Lúcia Sueli ,981582128.0,tatianebiancanunes-70@rogerstenis.com.br,36861576.0
Vinicius Breno Renato Costa,25-08-1973,3413471597,Renata Letícia Brenda ,988662281.0,vviniciusbrenorenatodacosta@sfranconsultoria.com.br,25830079.0
Gustavo Anthony Santos,23-08-1979,9874775106,Mariana Beatriz ,986639990.0,gustavoanthonydossantos_@gruposandino.com.br,35295873.0
Enrico Mateus Fábio Moraes,14-05-1946,83179084375,Isabela Hadassa Francisca ,988285541.0,enricomateusfabiomoraes-90@santander.com.br,29925198.0
João Cláudio Silveira,23-02-1956,97555611457,Joana Andreia Emilly ,993999256.0,jjoaoclaudiosilveira@bessa.net.br,37928712.0
Ester Emily Nogueira,17-11-1958,56959889421,Malu Vera Manuela ,996663119.0,esteremilynogueira_@rabelloadvogados.com.br,25659854.0
Valentina Elza Farias,25-11-1996,86573659368,Fátima Tereza Esther ,996067130.0,vvalentinaelzafarias@tribunaimpressa.com.br,37089702.0
Yuri Vitor Carlos Eduardo Cava,11-03-1994,48972279412,Aline Daiane Luna ,984251799.0,yurivitorcarloseduardocavalcanti..yurivitorcarloseduardocavalcanti@imeio.com,38527926.0
Elisa Regina Fernanda Pereira,13-07-1969,92959393953,Regina Patrícia Raquel ,988024826.0,elisareginafernandapereira-95@acritica.com.br,38698925.0
Arthur L Carlos Eduardo Cun,16-10-1959,51365499472,Carolina Evelyn Larissa ,998649014.0,arthurluiscarloseduardodacunha__arthurluiscarloseduardodacunha@optovac.com.br,38405764.0
Calebe Lucas Drumond,21-04-1946,65444491648,Isadora Emilly Sueli ,985200646.0,calebelucasdrumond-97@valedesign.com.br,35824410.0
Marcos Vinicius Nicolas Erick,27-11-1996,20792936647,Mariana Julia ,996807572.0,mmarcosviniciusnicolasericklopes@duoarq.com,38505736.0
Nicolas Yuri Santos,21-01-1953,7365082798,Rebeca Heloise ,993746364.0,nicolasyuridossantos-92@oana.com.br,25822225.0
Guilherme Yuri Daniel Sales,02-03-1982,67772794070,Patrícia Rayssa ,982554068.0,guilhermeyuridanielsales..guilhermeyuridanielsales@segplanet.com.br,29905854.0
Julia Bárbara Bianca Carvalho,16-01-1956,61496589610,Luana Yasmin ,995342110.0,juliabarbarabiancacarvalho__juliabarbarabiancacarvalho@ibest.com.br,38446879.0
Camila Emily Pietra de Paula,05-09-1958,28803178279,Luna Melissa Allana ,997054815.0,ccamilaemilypietradepaula@saopaulo10hotmail.com,35338107.0
Alessandra Juliana Fogaca,18-08-1996,38186228500,Rayssa Laura ,984444871.0,alessandrajulianafogaca-77@cosma.com,27319014.0
Severino Julio Bernardes,14-10-1949,42926476663,Stefany Ayla Valentina ,993401516.0,severinojuliobernardes__severinojuliobernardes@rotadasbandeiras.com.br,36600758.0
Isaac Juan Araújo,27-04-1952,12918113972,Emily Isabelly ,987645183.0,isaacjuanaraujo_@goldfinger.com.br,29571649.0
Vanessa Sophia Campos,23-10-1966,67621762918,Clarice Lúcia ,997020276.0,vanessasophiacampos-83@tec3.com.br,36758291.0
Arthur Gabriel Hugo Assuncão,17-12-1965,68029902530,Lúcia Isabelly Isis ,985721428.0,arthurgabrielhugoassuncao_@domain.com.br,35803293.0
Luiza Bárbara Gomes,10-12-1956,31716116198,Isabelly Silvana Beatriz ,987394368.0,luizabarbaragomes..luizabarbaragomes@care-br.com,36570404.0
Aurora Esther Cardoso,14-08-1980,6233349508,Heloise Francisca ,984027224.0,auroraesthercardoso_@icloub.com,38504306.0
Levi Gael Jorge Viana,04-10-1951,200456628,Antônia Silvana Sandra ,996272230.0,levigaeljorgeviana-79@imobideal.com,37072129.0
Lavínia Pietra Raimunda Teixei,10-02-1978,34177635847,Brenda Aparecida ,987275410.0,laviniapietraraimundateixeira__laviniapietraraimundateixeira@iaru.com.br,36090432.0
Yasmin Pietra Rocha,07-08-1959,29438244700,Débora Lara Priscila ,985621014.0,yasminpietrarocha__yasminpietrarocha@robiel.com.br,25496331.0
Rebeca Tania Ferreira,02-03-1994,21067013903,Mariah Rosângela Larissa ,995576517.0,rebecataniaferreira..rebecataniaferreira@zian.com.br,35054471.0
Rita Alessandra Freitas,01-11-1983,31934168866,Jéssica Andreia ,996968955.0,ritaalessandrafreitas__ritaalessandrafreitas@unitower.com.br,38989013.0
Nicole Alana Almada,09-09-1968,12693080410,Benedita Emilly ,998820097.0,nicolealanaalmada-80@facilitycom.com.br,26999031.0
Nina Tereza Alves,22-10-1961,29563875966,Sophie Beatriz Silvana ,982741315.0,ninaterezaalves_@limao.com.br,38104866.0
Carlos Eduardo Diogo Manuel Dias,11-07-1957,58888624015,Clara Carolina ,984541470.0,carloseduardodiogomanueldias__carloseduardodiogomanueldias@unimedsjc.com.br,29933476.0
Jennifer A Sabrina Paz,20-04-1942,29873400010,Elisa Aparecida ,991749209.0,jenniferanalusabrinadapaz_@infonet.com.br,35132716.0
Marcela L Priscila Mata,24-06-1996,32517176930,Bruna Giovanna ,994355935.0,marcelalouiseprisciladamata__marcelalouiseprisciladamata@centerdiesel.com.br,39740462.0
Anderson Guilherme Assis,13-08-1983,17399643652,Sarah Milena ,982744102.0,andersonguilhermeassis_@mcpsolucoesgraficas.com.br,25976609.0
Stefany Tereza Duarte,11-04-1948,6613565580,Malu Rafaela ,997125408.0,stefanyterezaduarte_@operaconstrutora.com.br,28084004.0
Augusto Bento Marcos Vinicius,12-11-1942,97838143381,Stefany Amanda Nair ,991959335.0,augustobentomarcosviniciuscavalcanti-74@rotauniformes.com.br,38004718.0
Rayssa Simone Pereira,10-02-1963,43058344481,Sueli Heloise ,984849267.0,rayssasimonepereira_@truran.com.br,38732259.0
Bárbara Analu Monteiro,25-12-1965,73534823893,Jéssica Vitória ,987809836.0,barbaraanalumonteiro-77@marktechbr.com.br,29408911.0
Renata Luana Aragão,27-05-1956,43965727354,Lívia Rebeca ,986673787.0,renataluanaaragao__renataluanaaragao@grupova.com.br,26998987.0
Fábio Eduardo Campos,13-03-1953,57995115652,Larissa Alana ,986924981.0,fabioeduardocampos_@broutdoor.com.br,25841489.0
Sueli Brenda Ribeiro,03-05-1994,51063181810,Vera Ester Julia ,987998242.0,suelibrendaribeiro__suelibrendaribeiro@jeffersonbarroso.com.br,35361241.0
Levi Caue Marcos Vinicius Foga,24-10-1961,2894027788,Cristiane Elaine ,996361258.0,levicauemarcosviniciusfogaca__levicauemarcosviniciusfogaca@ruilacos.com.br,29554567.0
Fernando Bernardo Dias,22-04-1978,93156265403,Laís Gabriela ,998419436.0,fernandobernardodias-85@cbaidiomas.com,37192012.0
Isabela Clara Corte Real,05-05-1959,45274281443,Analu Emily ,985932337.0,isabelaclaracortereal_@viasegbrasil.com.br,26959434.0
Matheus Gustavo Daniel Bernard,11-09-1985,81611057906,Mirella Nicole Letícia ,997980837.0,mmatheusgustavodanielbernardes@bplan.com.br,38206507.0
Luna Sophia Martins,01-01-1996,17345696111,Laura Esther ,985845653.0,llunasophiamartins@grupoamericaville.com.br,29706345.0
Vinicius Fernando Hugo Corte R,01-04-1941,22032192624,Luzia Isabel ,999589266.0,viniciusfernandohugocortereal_@outlook.com.br,27431635.0
Ryan César Thomas Corte Real,05-10-1963,45091929754,Mirella Gabrielly ,992688115.0,ryancesarthomascortereal_@dye.com.br,35775306.0
Eduardo E Elias Silva,15-04-1945,52561502198,Esther Rita Aline ,997566324.0,eduardoerickeliassilva..eduardoerickeliassilva@ig.com.br,37499130.0
Caroline Gabrielly Catarina Ar,01-05-1972,31263437320,Helena Nina ,995179637.0,carolinegabriellycatarinaaragao..carolinegabriellycatarinaaragao@jammer.com.br,29641268.0
Tania Cláudia Lima,25-12-1961,71998862844,Daniela Liz ,995727204.0,taniaclaudialima-74@gmapst.com,35722050.0
Helena Isabella Fabiana Aparíc,14-01-1962,41785755463,Sophie Isabella Isadora ,983489332.0,helenaisabellafabianaaparicio..helenaisabellafabianaaparicio@unifox.com.br,37969357.0
Bryan Luan Brito,27-06-1986,63814292243,Tatiane Beatriz ,988531675.0,bbryanluanbrito@nonesiglio.com.br,28132208.0
Isabel Clarice Viana,05-04-1976,25737720390,Regina Clarice Nair ,983096110.0,isabelclariceviana_@mail.com,27397744.0
Raquel Sarah Giovanna Assis,26-04-1940,70641400802,Maitê Eliane Teresinha ,994853725.0,raquelsarahgiovannaassis__raquelsarahgiovannaassis@purkyt.com,26450460.0
Laís Sabrina Jéssica Mota,17-02-2001,6092851652,Analu Rafaela ,983313110.0,laissabrinajessicadamota..laissabrinajessicadamota@madhause.com.br,39355211.0
Caue Nicolas Moura,01-11-1983,62890372502,Emanuelly Laís Lavínia ,989922974.0,cauenicolasmoura_@poligerma.com.br,28718703.0
Andreia Yasmin Porto,05-01-1985,66561919327,Débora Eloá Maria ,998101694.0,andreiayasminporto_@folha.com.br,35366743.0
Caio Enrico Costa,14-08-1979,47361095801,Malu Alana ,988322639.0,caioenricodacosta_@mmarques.com,29763578.0
Lara Beatriz Silveira,19-02-1982,58061724146,Isadora Sônia Jaqueline ,982304614.0,larabeatrizsilveira_@zizafernandes.com,25191080.0
Gael Manuel Gustavo Drumond,10-07-1965,79919461180,Emanuelly Márcia ,999456403.0,gaelmanuelgustavodrumond-87@maorifilmes.com.br,38746504.0
Jaqueline Eliane Bruna Cavalca,21-05-1982,78317058727,Joana Isabelle Eliane ,992144078.0,jjaquelineelianebrunacavalcanti@vanguarda.tv,27769203.0
Eduardo I Kaue Peixoto,18-02-1973,72789776067,Aurora Gabriela Maitê ,982756587.0,eduardoigorkauepeixoto_@valepur.com.br,38249974.0
Manoel Iago Kevin Ferreira,20-09-1962,19934854309,Luiza Alícia Josefa ,989187424.0,manoeliagokevinferreira-93@zulix.com.br,39496317.0
Alana Heloise Tania Figueiredo,04-07-1942,14461507122,Milena Isis Valentina ,985613559.0,alanaheloisetaniafigueiredo-91@bol.br,35758737.0
Fátima Andrea Alves,07-11-1969,37908305776,Yasmin Malu Isabella ,986401869.0,fatimaandreaalves..fatimaandreaalves@cpfl.com.br,39937207.0
Patrícia Priscila Elisa Araújo,08-03-1997,64809518914,Laura Daiane Nina ,987127757.0,patriciapriscilaelisaaraujo..patriciapriscilaelisaaraujo@ynail.com.br,35567990.0
Cecília Juliana Larissa Assunc,15-12-1939,1179619307,Luna Tereza ,987277839.0,ceciliajulianalarissaassuncao_@2emesconstrutora.com.br,38224033.0
Benício Iago Silveira,24-07-1948,8369459722,Isadora Aline Regina ,997125398.0,bbenicioiagosilveira@supergasbras.com.br,38838091.0
Alice Caroline Caldeira,18-10-1986,22588802974,Vera Louise Adriana ,986358796.0,alicecarolinecaldeira-96@marmorariauchoa.com,35595474.0
Silvana Joana Conceicão,23-08-1971,73815338204,Sabrina Luiza Nina ,984659661.0,silvanajoanadaconceicao..silvanajoanadaconceicao@teofilorezende.com.br,37664034.0
Clara Helena Priscila Cardoso,08-03-1981,54159661530,Emily Emanuelly ,998711347.0,clarahelenapriscilacardoso_@girocenter.com.br,25764425.0
Elaine Priscila Melo,27-11-1964,42874185221,Tânia Beatriz Daniela ,985300748.0,elainepriscilamelo..elainepriscilamelo@pmm.am.gov.br,38707316.0
Juliana Evelyn Corte Real,17-10-1950,48208883310,Sophie Beatriz ,982492780.0,julianaevelyncortereal-92@eptv.com.br,27453266.0
Luiz Lucas Assuncão,22-02-1953,74924001953,Silvana Tereza ,983237248.0,luizlucasassuncao__luizlucasassuncao@raya3.com.br,38279372.0
Alice Esther Rosa,16-02-1955,26984257760,Rita Antônia Eduarda ,983039184.0,aliceestherdarosa__aliceestherdarosa@panevale.com.br,27390690.0
Enrico Iago Barbosa,25-06-1954,74166734024,Vitória Carolina ,991088164.0,enricoiagobarbosa__enricoiagobarbosa@damha.com.br,25589504.0
Yago Pedro Henrique Cruz,24-10-1945,68328310562,Cristiane Pietra ,982340551.0,yagopedrohenriquedacruz_@elevaconsultancy.com.br,25189906.0
Cauã Isaac Caldeira,02-03-1945,35083528118,Vitória Kamilly Sueli ,989048340.0,cauaisaaccaldeira__cauaisaaccaldeira@hardquality.com.br,28317237.0
Thomas Cauã Daniel Novaes,21-11-1963,32863369636,Maria Laís ,985571568.0,thomascauadanielnovaes-99@negleribeiro.com,27562964.0
Iago Davi Bernardo Teixeira,05-04-2000,41217734708,Amanda Lúcia ,998807354.0,iagodavibernardoteixeira-89@zaniniengenharia.com.br,39779058.0
Larissa Fátima Clarice Peixoto,06-03-1981,91267295040,Malu Simone ,988421073.0,llarissafatimaclaricepeixoto@agenziamarketing.com.br,36553627.0
Ana Emilly Ferreira,26-11-1951,53846343080,Carolina Mariana ,999137523.0,anaemillyferreira__anaemillyferreira@51hotmail.com,36993674.0
Valentina Stefany Alana Cardos,23-03-1953,76298423761,Francisca Adriana ,999976430.0,valentinastefanyalanacardoso..valentinastefanyalanacardoso@galvao.com,26584091.0
Lucas M Kevin Rocha,16-10-1954,33966242389,Marli Larissa Liz ,988435375.0,lucasmarcoskevindarocha__lucasmarcoskevindarocha@sandvik.com,35046956.0
Vitória Analu Barbosa,05-08-1974,97978952541,Cecília Letícia Gabrielly ,984897185.0,vitoriaanalubarbosa__vitoriaanalubarbosa@iacit.com.br,35297197.0
Paulo José Bruno Fernandes,15-05-1967,24043020511,Valentina Alícia ,984487417.0,paulojosebrunofernandes-95@studiodeideias.com,26225194.0
Juan Ricardo Lucas Castro,14-08-1944,89389282250,Sandra Josefa Giovana ,991166443.0,juanricardolucascastro-78@rabelloadvogados.com.br,36122317.0
Matheus Martin Fernando Concei,01-09-1969,57305453803,Francisca Camila ,985142900.0,mmatheusmartinfernandodaconceicao@guiandotelecom.com.br,35446195.0
Sebastião Thales Almada,21-10-1988,60244442223,Lara Antonella ,994085285.0,sebastiaothalesalmada_@tribunaimpressa.com.br,37184705.0
Ruan Diogo Cardoso,04-05-1981,56689548708,Juliana Vitória Giovana ,996745591.0,rruandiogocardoso@hotelruby.com.br,35048723.0
Priscila Julia Márcia Baptista,17-09-2001,72159801380,Teresinha Renata Tânia ,985542615.0,priscilajuliamarciabaptista_@validtecnologia.com.br,27031458.0
César Edson Assuncão,06-12-1984,36835464097,Aparecida Mariane Lara ,999402873.0,cesaredsonassuncao..cesaredsonassuncao@royalplas.com.br,38109988.0
Kevin Anthony Thales Barbosa,11-03-1998,267627904,Rafaela Marlene Larissa ,981340931.0,kevinanthonythalesbarbosa_@senhorasdaarte.com.br,25938168.0
Alexandre A Diego Silva,11-05-1991,47710441980,Gabrielly Betina ,982723454.0,alexandreandrediegosilva__alexandreandrediegosilva@gasparalmeida.com,26273162.0
Nicolas José Gael Barbosa,04-08-1980,78831496522,Raimunda Fabiana ,988061947.0,nicolasjosegaelbarbosa..nicolasjosegaelbarbosa@zignani.com.br,29460067.0
Caleb Fernando Goncalves,18-02-1967,76532340464,Pietra Rafaela ,998134624.0,calebfernandogoncalves_@amaralmonteiro.com.br,25564896.0
Enrico Vinicius André Peixoto,13-11-1950,74783576106,Isabel Sandra Mirella ,996064948.0,enricoviniciusandrepeixoto__enricoviniciusandrepeixoto@ipek.net.br,27266132.0
Jéssica Rayssa Lúcia Aragão,17-12-1942,79184036141,Catarina Malu Márcia ,994259739.0,jessicarayssaluciaaragao-86@prifree.fr,35691659.0
Yasmin Alícia Luiza das Neves,25-11-1939,62499591064,Márcia Manuela ,987487231.0,yasminalicialuizadasneves_@vol.com.br,29879224.0
Maite Luna Ayla Nascimento,04-12-1972,75595601485,Heloisa Sebastiana ,993447123.0,mmaitelunaaylanascimento@ovi.com,36092018.0
César Hugo Baptista,06-11-1959,1315187396,Olivia Mariana Clara ,994790005.0,cesarhugobaptista_@belbrindes.com,25740218.0
Aparecida Stefany Alice Assunc,15-09-1962,89574607569,Fátima Nair ,992138621.0,aparecidastefanyaliceassuncao..aparecidastefanyaliceassuncao@emitec.com.br,29449888.0
Ryan Luís da Rosa,02-05-1984,90501749063,Sueli Rafaela Laís ,993452853.0,ryanluisdarosa..ryanluisdarosa@live.com.pt,35692402.0
Antonio Albuquerque Silva,24-07-1980,58762423819,Laura Albuquerque Cardoso,11998970549,antonio.silva@gmail.com,1135494656
Luan Lorenzo Moreira,10-08-2001,77413595508,Isabela Gabriela Rebeca ,989579956.0,luanlorenzomoreira__luanlorenzomoreira@taclog.com.br,37111415.0
Enrico Hugo Teixeira,22-10-1946,99423221912,Andreia Cecília Raimunda ,992569574.0,eenricohugoteixeira@ativacofres.com.br,27875054.0
Nathan Carlos Eduardo Isaac Fr,23-02-2001,40605647534,Emily Bruna ,984341188.0,nathancarloseduardoisaacfreitas-90@vpsa.com.br,38133360.0
Gabrielly Camila Fogaca,19-09-1993,87184588312,Sandra Aparecida Rita ,993943096.0,gabriellycamilafogaca..gabriellycamilafogaca@kantoferramentaria.com.br,28743235.0
Ayla Natália Costa,13-04-1992,95133867913,Stefany Francisca ,983084248.0,aylanataliacosta..aylanataliacosta@systemsadvisers.com,35613596.0
Kevin Filipe Farias,02-12-1948,95432501384,Adriana Sarah ,993401712.0,kevinfilipefarias_@callan.com.br,28873790.0
Manuel Luiz Cunha,08-03-1951,80203646410,Julia Isabelly Patrícia ,986124390.0,manuelluizdacunha..manuelluizdacunha@revati.com.br,28539873.0
Ayla Cecília Aparício,10-05-1966,64856625535,Josefa Kamilly ,986088215.0,aylaceciliaaparicio-84@geopx.com.br,29882143.0
João Nelson Pinto,11-02-1986,43539460136,Regina Adriana Raquel ,987346583.0,joaonelsonpinto-91@timbrasil.com.br,27780968.0
Henrique Augusto Levi Viana,14-07-1984,58976628195,Bárbara Maya ,982254130.0,henriqueaugustoleviviana_@sprintrental.com.br,28151822.0
Rodrigo Calebe João Goncalves,07-05-1987,53328045554,Mariah Isabel Raimunda ,986838488.0,rodrigocalebejoaogoncalves__rodrigocalebejoaogoncalves@findout.com.br,37861096.0
Andreia Juliana Melo,22-02-1948,5910146530,Rosa Maria Marli ,988396479.0,andreiajulianamelo..andreiajulianamelo@holtmail.com,27583786.0
Sarah Gabrielly Aragão,13-10-1987,20878435549,Manuela Rafaela Isadora ,995086006.0,ssarahgabriellyaragao@kframe.com.br,39284020.0
André Juan Silva,23-04-1974,67940082892,Lara Louise Raquel ,982758125.0,andrejuandasilva__andrejuandasilva@alstom.com,27110273.0
Diogo Manuel Costa,07-06-1991,76362617827,Rebeca Stella ,983819282.0,diogomanueldacosta-76@alliancarh.com.br,35104346.0
Carlos Eduardo Ricardo Matheus,18-03-1939,57324267106,Luana Agatha Manuela ,996680947.0,carloseduardoricardomatheusbernardes-86@girocenter.com.br,26737303.0
Silvana Joana Caroline Bernard,16-10-1960,52646539509,Giovana Olivia ,998574456.0,ssilvanajoanacarolinebernardes@kimmay.com.br,28868222.0
Calebe Edson Moraes,24-11-1959,60403457050,Helena Heloisa ,999186255.0,ccalebeedsonmoraes@gdsambiental.com.br,27748920.0
Raimundo Rodrigo Rosa,14-06-1966,85178606400,Marlene Andrea Yasmin ,986462828.0,raimundorodrigodarosa_@soutorigotti.com.br,25998493.0
Bruno Noah Santos,09-11-1997,55058721821,Cecília Alice Mariane ,996017442.0,brunonoahdossantos__brunonoahdossantos@gmx.ca,28377502.0
Sônia Alana Silva,25-05-1954,98926249204,Olivia Laura ,988115214.0,soniaalanadasilva__soniaalanadasilva@dye.com.br,36823007.0
Isabelly Renata Raimunda Barro,14-10-1946,64914931800,Stefany Márcia ,992289062.0,iisabellyrenataraimundabarros@pib.com.br,39491864.0
Clara Mariane Alícia Duarte,25-07-1984,92149986396,Isabela Ester ,995957588.0,cclaramarianealiciaduarte@fiorecomunicacao.com.br,37853770.0
Rayssa D Priscila Alves,21-08-1950,31145926355,Ester Aline ,981428044.0,rrayssadaianepriscilaalves@cbsaperfeicoamento.com.br,35055812.0
Vicente C José Cunha,17-05-1987,7138245904,Clara Isis ,987069973.0,vvicentecesarjosedacunha@engineer.com,35058624.0
Carlos Victor Assuncão,20-02-1999,76920106680,Analu Betina ,994581557.0,carlosvictorassuncao-98@pib.com.br,29149880.0
Elaine Rafaela Vera Duarte,05-08-1950,92237724865,Valentina Julia Emilly ,981278027.0,eelainerafaelaveraduarte@pronta.com.br,25402166.0
Anthony Martin Santos,20-03-1961,31380745454,Rosa Clarice ,993965931.0,anthonymartindossantos-70@lencise.com,27915499.0
Larissa M Gabriela Nogue,26-02-1957,7146862712,Pietra Aline ,986323860.0,llarissamanuelagabrielanogueira@zizafernandes.com,35400240.0
Cecília Teresinha Mariana Mont,12-11-1946,54681642649,Beatriz Nicole Caroline ,981509735.0,ceciliateresinhamarianamonteiro-87@nhrtaxiaereo.com,26027137.0
Márcia Liz Carvalho,22-08-1990,54633352814,Nina Ayla Carolina ,992493767.0,marcializcarvalho__marcializcarvalho@tce.am.gov.br,37867021.0
Davi Elias Nascimento,19-09-1940,79847927804,Laura Márcia Emily ,993392668.0,ddavieliasnascimento@marcati.com,35915313.0
Aurora Clarice Drumond,07-10-1996,64159521029,Juliana Emily ,984274430.0,aauroraclaricedrumond@lta-am.com.br,25032966.0
Silvana Vera Ana Paz,25-12-1990,88579653509,Juliana Clarice ,992876414.0,silvanaveraanadapaz-80@cosma.com,37819728.0
Rosangela Sara Santos,05-04-1999,30547913788,Eliane Eduarda ,988799198.0,rosangelasaradossantos..rosangelasaradossantos@bigfoot.com,25113992.0
Maya Sandra Porto,06-05-1962,19329860222,Priscila Rebeca ,999195285.0,mayasandraporto__mayasandraporto@ciaimoveissjc.com,36357490.0
Alessandra Esther Aline Olivei,23-06-1976,26638621505,Gabriela Maria ,998382294.0,alessandraestheralineoliveira__alessandraestheralineoliveira@galvao.com,37426008.0
Julia Stefany Olivia Goncalves,04-05-1951,34670147200,Analu Silvana ,994082417.0,juliastefanyoliviagoncalves__juliastefanyoliviagoncalves@baltico.com.br,28549165.0
Aline Isabel Ester Figueiredo,12-02-1987,27826757290,Sophia Silvana Clara ,988500394.0,alineisabelesterfigueiredo__alineisabelesterfigueiredo@original-veiculos.com.br,35308635.0
Eduarda Isabela Pires,11-12-1991,56614424912,Andreia Sophia ,989681899.0,eduardaisabelapires..eduardaisabelapires@live.ie,26822650.0
Jorge Nelson Ricardo Mota,01-05-1943,46970767701,Gabriela Isabelly ,984333971.0,jorgenelsonricardodamota__jorgenelsonricardodamota@imeio.com,38060691.0
Sarah Alice Figueiredo,08-06-1962,11728431557,Luiza Luzia Allana ,988234328.0,sarahalicefigueiredo_@comercialrizzo.com,25935820.0
Luan Raimundo Marcos Ferreira,19-02-1970,45707514074,Laura Liz ,998212060.0,luanraimundomarcosferreira..luanraimundomarcosferreira@metododerose.org,36545618.0
Mariane Teresinha Teixeira,25-01-1945,32881718485,Manuela Vitória ,985600443.0,mmarianeteresinhateixeira@escritoriogold.com.br,39229461.0
Sophie Marli Rodrigues,07-06-1970,85329021898,Marina Maya ,986156344.0,sophiemarlirodrigues-78@lonax.net,27227303.0
Tania Mariane Helena Rosa,24-08-1985,29223058139,Nina Luciana Fernanda ,989044363.0,taniamarianehelenadarosa__taniamarianehelenadarosa@candello.abv.br,39284361.0
Tiago Renato Nascimento,23-04-1960,8064292328,Lorena Rayssa ,992588094.0,tiagorenatonascimento__tiagorenatonascimento@kaynak.com.br,39765734.0
Nelson B Yago Cunha,19-02-1978,31797329707,Maya Milena ,986369994.0,nnelsonbryanyagodacunha@hotmail,27835456.0
Marina Ana Alves,19-08-1969,77221648972,Andreia Vanessa Letícia ,991055019.0,marinaanaalves..marinaanaalves@unimedara.com.br,28736252.0
Gustavo Ian Paula,22-01-1982,42798204062,Stella Laura Isabela ,997498030.0,gustavoiandepaula..gustavoiandepaula@r7.com.br,38993434.0
César Theo Barbosa,25-06-1954,21474946232,Eloá Lavínia Alana ,983140123.0,ccesartheobarbosa@ggm.com.br,25635095.0
Valentina Elza Aragão,07-06-1946,81291271996,Sophia Débora Luana ,993412952.0,valentinaelzaaragao_@iahoo.com,39396102.0
Lara Bianca Camila Viana,02-03-1958,64325695672,Giovanna Elaine ,983090993.0,larabiancacamilaviana_@gruppoitalia.com.br,29468800.0
Gustavo Eduardo André Almeida,09-05-2001,51498453457,Marlene Letícia ,982052638.0,gustavoeduardoandrealmeida__gustavoeduardoandrealmeida@haldex.com,36482188.0
Henrique Francisco Viana,23-01-1980,17244662327,Emilly Cláudia Letícia ,981464871.0,henriquefranciscoviana__henriquefranciscoviana@sercoti.com.br,35801273.0
Leonardo Tiago Luan Brito,19-04-2000,48741894669,Rosa Isis ,993713449.0,lleonardotiagoluanbrito@outloock.com,28153465.0
Joaquim Bento Gabriel Nogueira,03-12-1972,93254040449,Sabrina Jéssica Giovanna ,995132735.0,joaquimbentogabrielnogueira-88@poligerma.com.br,25850463.0
Lúcia C Luzia Almada,11-11-1946,6480417194,Stefany Teresinha ,997275887.0,luciacarolinaluziaalmada_@santarte.com,27446850.0
Matheus Francisco Elias Nascim,24-06-1948,64306570436,Sabrina Milena Sônia ,992419093.0,matheusfranciscoeliasnascimento..matheusfranciscoeliasnascimento@ladder.com.br,28746204.0
Rodrigo Luís Figueiredo,02-09-1955,99578985908,Isis Isabela ,988925081.0,rodrigoluisfigueiredo..rodrigoluisfigueiredo@franciscofilho.adv.br,37427437.0
Sérgio Daniel Paz,01-08-1971,88423561070,Isis Giovanna Andreia ,999514879.0,sergiodanieldapaz..sergiodanieldapaz@contjulioroberto.com.br,26332181.0
Alice Liz Adriana Duarte,22-10-1975,58548099313,Malu Alana ,988102004.0,alicelizadrianaduarte__alicelizadrianaduarte@newpark.com,25873226.0
Joaquim Otávio Rafael Barbosa,14-10-1942,62180461410,Heloisa Cecília ,992710386.0,joaquimotaviorafaelbarbosa__joaquimotaviorafaelbarbosa@likaleal.com.br,37327537.0
Bento D Julio Santos,16-04-1942,70372085822,Luiza Patrícia Sara ,995162939.0,bentodavijuliosantos-94@simsvale.com.br,39799646.0
Davi Francisco Isaac Mata,26-04-1946,76236274061,Giovana Sônia Aurora ,985274926.0,ddavifranciscoisaacdamata@sunrise.com.br,27999584.0
Eduardo Iago Oliveira,09-09-1952,47817877971,Isabela Rebeca Aparecida ,996713963.0,eduardoiagooliveira_@localiza.com,37959207.0
Nicolas Diogo Kaue Alves,13-02-1966,43778886762,Marli Sueli ,988534273.0,nicolasdiogokauealves__nicolasdiogokauealves@aguianet.com.br,25027842.0
Fernando Igor Elias Ribeiro,05-11-1943,34830254726,Yasmin Sônia Louise ,984183898.0,ffernandoigoreliasribeiro@ipek.net.br,39557732.0
Pedro Henrique Augusto Fernandes,01-06-1985,52398583902,Gabrielly Rayssa Sueli ,989411439.0,pedrohenriqueaugustofernandes_@panfletosecia.com,37198223.0
Rafaela Francisca Mendes,07-11-1974,31087464641,Lara Sebastiana Caroline ,993694771.0,rafaelafranciscamendes_@caiuas.com.br,35613566.0
Vera Mariane Marcela Assis,02-03-1978,16421457932,Flávia Sebastiana ,998926682.0,veramarianemarcelaassis-83@apso.org.br,25645829.0
Emilly Sarah Drumond,15-02-1984,35010247542,Bianca Ana Aurora ,989121342.0,eemillysarahdrumond@simsvale.com.br,26876681.0
Yuri Enrico Caue Gomes,11-01-1960,56688127075,Carla Josefa Catarina ,998045602.0,yurienricocauegomes-87@band.com,27222086.0
Giovanna Milena Costa,15-10-1973,30436667711,Louise Carolina ,988072354.0,ggiovannamilenacosta@viavaleseguros.com.br,27274414.0
Tomás Nathan Rodrigo Monteiro,07-08-1992,79488188804,Priscila Cristiane Stella ,988940612.0,tomasnathanrodrigomonteiro_@homtail.com,29319890.0
Isabela Maria Costa,17-03-1950,75260743687,Marli Rosa Tânia ,987495804.0,isabelamariacosta..isabelamariacosta@powerblade.com.br,25078704.0
Eliane Marina Ayla Rocha,20-11-1964,20857181670,Isabela Lorena ,988064161.0,elianemarinaaylarocha-94@vpsa.com.br,39424023.0
Pietro Sebastião Gomes,27-11-1988,52679447506,Milena Betina Priscila ,988514077.0,pietrosebastiaogomes-84@dominiozeladoria.com.br,38899861.0
Bárbara Alessandra Teixeira,20-09-1942,9313321769,Esther Olivia Rafaela ,995354550.0,barbaraalessandrateixeira_@carreira.com.br,29573191.0
Enzo Albuquerque Silva,19-01-2015,58762423819,Mariana Santos Albuquerque,11998970549,antonio.silva@gmail.com,1135494656
Arthur Paulo Enzo Duarte,13-05-1963,41834442508,Marli Pietra Vanessa ,987443014.0,arthurpauloenzoduarte_@grupoarteoficio.com.br,36893969.0
Jennifer Carolina Marlene Gonc,21-01-1972,24160335225,Aline Isabel ,991675406.0,jennifercarolinamarlenegoncalves..jennifercarolinamarlenegoncalves@digitalsj.com.br,37580244.0
Luna Esther Alessandra Dias,20-10-1944,52426094788,Daniela Valentina Maya ,991759391.0,llunaestheralessandradias@deca.com.br,38974581.0
Laura Kamilly Paula,20-09-1950,14682291769,Maria Laura ,986204665.0,llaurakamillydepaula@unicohost.com.br,35955638.0
Cláudia Bruna Ribeiro,10-03-1946,3943613186,Jéssica Andreia Elza ,998517736.0,claudiabrunaribeiro..claudiabrunaribeiro@hotmai.com,38615759.0
Priscila Emanuelly Jesus,14-07-1967,26056059146,Yasmin Isadora Alícia ,994658940.0,ppriscilaemanuellyjesus@allianceconsultoria.com.br,28847197.0
Ester Vera Ferreira,23-01-1977,60805627901,Lavínia Vera Alessandra ,993757131.0,esterveraferreira..esterveraferreira@thewishes.com.br,28594692.0
Isadora Beatriz Pietra Paula,16-06-1985,33561254195,Clarice Isadora Stefany ,991353855.0,iisadorabeatrizpietradepaula@mastria.com.br,27505001.0
Anderson Raul Rafael Assuncão,20-02-1970,24186583250,Sônia Raimunda Analu ,999404118.0,andersonraulrafaelassuncao__andersonraulrafaelassuncao@opcaoeduca.com.br,27539426.0
Lara Adriana Cardoso,02-02-1959,54500252894,Yasmin Josefa Gabrielly ,995811227.0,laraadrianacardoso..laraadrianacardoso@grupointegraambiental.com.br,25727042.0
Hadassa Maria Sueli Souza,20-01-1941,97061570938,Andrea Clarice ,985734630.0,hadassamariasuelisouza__hadassamariasuelisouza@vitacard.com.br,37578406.0
Laís Pietra Alice Cruz,15-08-1949,83815768497,Sabrina Benedita ,991877833.0,laispietraalicedacruz-71@inforgel.com,38590612.0
Alessandra Luana Farias,16-02-1982,29531116970,Maria Bruna ,999005935.0,alessandraluanafarias-98@esctech.com.br,37327286.0
Rita Juliana Luz,09-08-1947,81496796772,Analu Luiza Lorena ,988848829.0,ritajulianadaluz_@bhcervejas.com.br,35050497.0
Thomas Marcelo Bernardes,15-03-1976,74908825670,Giovanna Isabela ,992116442.0,thomasmarcelobernardes-96@akto.com.br,37499077.0
